setting,participation_percent,method,seed20_accuracy,seed21_accuracy,seed22_accuracy,accuracy_mean,accuracy_sample_std,seed20_rtt,seed21_rtt,seed22_rtt,rtt_mean,rtt_sample_std
C100-P10,10,FedAvg,78.62,78.31,78.85,78.59,0.27,>1000,>1000,>1000,,
C100-P10,10,FedDyn,80.74,80.42,80.91,80.69,0.25,211,219,208,212.7,5.7
C100-P10,10,FedSKC,83.21,83.47,83.04,83.24,0.22,193,199,189,193.7,5.0
C100-P10,10,FedRaDR,84.01,84.23,83.86,84.03,0.19,186,191,183,186.7,4.0
C100-P5,5,FedAvg,76.14,75.88,76.40,76.14,0.26,>1000,>1000,>1000,,
C100-P5,5,FedDyn,78.22,77.96,78.47,78.22,0.26,326,341,318,328.3,11.7
C100-P5,5,FedSKC,80.46,80.71,80.25,80.47,0.23,284,297,276,285.7,10.6
C100-P5,5,FedRaDR,81.84,82.07,81.66,81.86,0.21,251,262,244,252.3,9.1
C100-P2,2,FedAvg,72.27,71.93,72.51,72.24,0.29,>1000,>1000,>1000,,
C100-P2,2,FedDyn,74.63,74.31,74.88,74.61,0.29,647,672,633,650.7,19.7
C100-P2,2,FedSKC,76.82,77.06,76.61,76.83,0.23,553,576,541,556.7,17.7
C100-P2,2,FedRaDR,78.43,78.68,78.21,78.44,0.24,488,509,474,490.3,17.6

