setting,target_percent,method,seed20_round,seed20_accuracy,seed21_round,seed21_accuracy,seed22_round,seed22_accuracy
C100-P10-D1,80,FedAvg,>1000,78.71,>1000,78.42,>1000,79.03
C100-P10-D1,80,Scaffold,244,80.12,253,80.04,247,80.21
C100-P10-D1,80,FedDyn,207,80.08,213,80.15,206,80.02
C100-P10-D1,80,FedVRA,198,80.05,204,80.11,196,80.03
C100-P10-D1,80,FedDisco,276,80.07,288,80.18,282,80.04
C100-P10-D1,80,FedSpeed,186,80.14,192,80.06,187,80.09
C100-P10-D1,80,FedKT,196,80.03,201,80.10,197,80.06
C100-P10-D1,80,FedSKC,191,80.11,198,80.05,193,80.02
C100-P10-D1,80,FedRaDR,187,80.04,192,80.13,185,80.07
C100-P10-D1,80,FedRaDR-SAM,172,80.06,177,80.10,171,80.03
C100-P10-D2,80,FedAvg,452,80.05,438,80.11,447,80.02
C100-P10-D2,80,Scaffold,812,80.04,836,80.09,824,80.06
C100-P10-D2,80,FedDyn,174,80.08,185,80.03,181,80.12
C100-P10-D2,80,FedVRA,188,80.06,199,80.10,195,80.04
C100-P10-D2,80,FedDisco,172,80.13,184,80.07,178,80.02
C100-P10-D2,80,FedSpeed,164,80.09,176,80.04,170,80.11
C100-P10-D2,80,FedKT,168,80.03,179,80.08,172,80.05
C100-P10-D2,80,FedSKC,162,80.10,173,80.06,169,80.12
C100-P10-D2,80,FedRaDR,154,80.07,163,80.11,154,80.04
C100-P10-D2,80,FedRaDR-SAM,138,80.05,148,80.09,143,80.03
C100-P10-P1,80,FedAvg,>1000,74.81,>1000,75.22,>1000,74.67
C100-P10-P1,80,Scaffold,518,80.05,533,80.12,521,80.08
C100-P10-P1,80,FedDyn,396,80.03,411,80.11,402,80.06
C100-P10-P1,80,FedVRA,407,80.09,418,80.04,412,80.13
C100-P10-P1,80,FedDisco,348,80.07,361,80.14,352,80.02
C100-P10-P1,80,FedSpeed,292,80.11,307,80.05,295,80.08
C100-P10-P1,80,FedKT,279,80.04,291,80.10,288,80.06
C100-P10-P1,80,FedSKC,268,80.08,277,80.03,271,80.12
C100-P10-P1,80,FedRaDR,244,80.06,253,80.11,250,80.04
C100-P10-P1,80,FedRaDR-SAM,208,80.09,219,80.02,214,80.07
C100-P10-P2,80,FedAvg,408,80.07,422,80.03,418,80.10
C100-P10-P2,80,Scaffold,198,80.06,211,80.11,203,80.04
C100-P10-P2,80,FedDyn,178,80.08,191,80.02,189,80.13
C100-P10-P2,80,FedVRA,197,80.04,209,80.09,203,80.06
C100-P10-P2,80,FedDisco,204,80.12,218,80.05,214,80.03
C100-P10-P2,80,FedSpeed,248,80.07,264,80.11,257,80.04
C100-P10-P2,80,FedKT,168,80.09,179,80.04,175,80.10
C100-P10-P2,80,FedSKC,158,80.03,167,80.08,161,80.05
C100-P10-P2,80,FedRaDR,140,80.06,151,80.12,144,80.04
C100-P10-P2,80,FedRaDR-SAM,118,80.08,126,80.03,120,80.11
C500-P2-D1,75,FedAvg,>1000,72.64,>1000,72.21,>1000,73.02
C500-P2-D1,75,Scaffold,668,75.04,687,75.11,674,75.07
C500-P2-D1,75,FedDyn,872,75.02,893,75.08,878,75.05
C500-P2-D1,75,FedVRA,865,75.06,884,75.12,871,75.03
C500-P2-D1,75,FedDisco,664,75.08,681,75.04,670,75.10
C500-P2-D1,75,FedSpeed,501,75.05,517,75.13,508,75.02
C500-P2-D1,75,FedKT,578,75.07,594,75.03,586,75.11
C500-P2-D1,75,FedSKC,508,75.03,524,75.09,513,75.06
C500-P2-D1,75,FedRaDR,486,75.06,502,75.12,492,75.04
C500-P2-D1,75,FedRaDR-SAM,445,75.08,458,75.03,449,75.10
C500-P2-D2,75,FedAvg,>1000,73.55,>1000,73.14,>1000,74.01
C500-P2-D2,75,Scaffold,588,75.03,606,75.09,595,75.06
C500-P2-D2,75,FedDyn,911,75.07,934,75.02,920,75.11
C500-P2-D2,75,FedVRA,817,75.04,836,75.08,824,75.06
C500-P2-D2,75,FedDisco,651,75.09,672,75.05,658,75.12
C500-P2-D2,75,FedSpeed,478,75.02,497,75.10,484,75.07
C500-P2-D2,75,FedKT,544,75.06,561,75.03,550,75.11
C500-P2-D2,75,FedSKC,424,75.08,440,75.04,432,75.13
C500-P2-D2,75,FedRaDR,398,75.05,414,75.10,403,75.03
C500-P2-D2,75,FedRaDR-SAM,364,75.07,382,75.02,372,75.09
C500-P2-P1,75,FedAvg,>1000,70.12,>1000,70.45,>1000,69.77
C500-P2-P1,75,Scaffold,847,75.06,868,75.11,854,75.04
C500-P2-P1,75,FedDyn,748,75.03,764,75.08,755,75.05
C500-P2-P1,75,FedVRA,697,75.07,>1000,74.32,711,75.12
C500-P2-P1,75,FedDisco,739,75.09,757,75.02,746,75.06
C500-P2-P1,75,FedSpeed,634,75.04,652,75.10,641,75.07
C500-P2-P1,75,FedKT,664,75.08,683,75.03,671,75.11
C500-P2-P1,75,FedSKC,622,75.05,640,75.09,629,75.02
C500-P2-P1,75,FedRaDR,608,75.07,626,75.04,615,75.10
C500-P2-P1,75,FedRaDR-SAM,557,75.03,574,75.08,563,75.06
C500-P2-P2,75,FedAvg,854,75.04,879,75.09,868,75.06
C500-P2-P2,75,Scaffold,554,75.08,574,75.03,562,75.11
C500-P2-P2,75,FedDyn,786,75.05,807,75.10,799,75.02
C500-P2-P2,75,FedVRA,774,75.07,796,75.04,784,75.12
C500-P2-P2,75,FedDisco,772,75.09,791,75.02,782,75.06
C500-P2-P2,75,FedSpeed,536,75.04,557,75.10,546,75.07
C500-P2-P2,75,FedKT,594,75.06,613,75.03,603,75.11
C500-P2-P2,75,FedSKC,512,75.08,530,75.04,524,75.13
C500-P2-P2,75,FedRaDR,494,75.05,514,75.10,504,75.03
C500-P2-P2,75,FedRaDR-SAM,466,75.07,484,75.02,474,75.09
