platform,dataset,model,variant,seed,elapsed_seconds,peak_memory_mib,energy_joules,power_mode,batch_size,measured_workload,trace_file
Jetson AGX Orin,Tiny-ImageNet,ResNet-18-GN,FedAvg,20,57.21,2126.1,1688.5,"MAXN (12-core ARM @ 2.2GHz, 50W GPU/CPU cap)",32,"fixed single-client local unit: 5 local epochs over a fixed 1000-sample shard, ResNet-18-GN on Tiny-ImageNet, 1 warm-up round excluded, trace sampled @100ms",power_jetson_orin_tinyimagenet_resnet18gn_fedavg_seed20.csv
Jetson AGX Orin,Tiny-ImageNet,ResNet-18-GN,FedAvg,21,57.68,2178.8,1725.6,"MAXN (12-core ARM @ 2.2GHz, 50W GPU/CPU cap)",32,"fixed single-client local unit: 5 local epochs over a fixed 1000-sample shard, ResNet-18-GN on Tiny-ImageNet, 1 warm-up round excluded, trace sampled @100ms",power_jetson_orin_tinyimagenet_resnet18gn_fedavg_seed21.csv
Jetson AGX Orin,Tiny-ImageNet,ResNet-18-GN,FedAvg,22,58.53,2154.3,1717.7,"MAXN (12-core ARM @ 2.2GHz, 50W GPU/CPU cap)",32,"fixed single-client local unit: 5 local epochs over a fixed 1000-sample shard, ResNet-18-GN on Tiny-ImageNet, 1 warm-up round excluded, trace sampled @100ms",power_jetson_orin_tinyimagenet_resnet18gn_fedavg_seed22.csv
Jetson AGX Orin,Tiny-ImageNet,ResNet-18-GN,FedRaDR-exact,20,99.30,3385.9,3188.8,"MAXN (12-core ARM @ 2.2GHz, 50W GPU/CPU cap)",32,"fixed single-client local unit: 5 local epochs over a fixed 1000-sample shard, ResNet-18-GN on Tiny-ImageNet, 1 warm-up round excluded, trace sampled @100ms",power_jetson_orin_tinyimagenet_resnet18gn_fedradr_exact_seed20.csv
Jetson AGX Orin,Tiny-ImageNet,ResNet-18-GN,FedRaDR-exact,21,98.40,3394.0,3243.0,"MAXN (12-core ARM @ 2.2GHz, 50W GPU/CPU cap)",32,"fixed single-client local unit: 5 local epochs over a fixed 1000-sample shard, ResNet-18-GN on Tiny-ImageNet, 1 warm-up round excluded, trace sampled @100ms",power_jetson_orin_tinyimagenet_resnet18gn_fedradr_exact_seed21.csv
Jetson AGX Orin,Tiny-ImageNet,ResNet-18-GN,FedRaDR-exact,22,97.15,3381.7,3197.9,"MAXN (12-core ARM @ 2.2GHz, 50W GPU/CPU cap)",32,"fixed single-client local unit: 5 local epochs over a fixed 1000-sample shard, ResNet-18-GN on Tiny-ImageNet, 1 warm-up round excluded, trace sampled @100ms",power_jetson_orin_tinyimagenet_resnet18gn_fedradr_exact_seed22.csv
Jetson AGX Orin,Tiny-ImageNet,ResNet-18-GN,FedRaDR-mini-batch,20,71.26,2689.8,2209.3,"MAXN (12-core ARM @ 2.2GHz, 50W GPU/CPU cap)",32,"fixed single-client local unit: 5 local epochs over a fixed 1000-sample shard, ResNet-18-GN on Tiny-ImageNet, 1 warm-up round excluded, trace sampled @100ms",power_jetson_orin_tinyimagenet_resnet18gn_fedradr_mini_batch_seed20.csv
Jetson AGX Orin,Tiny-ImageNet,ResNet-18-GN,FedRaDR-mini-batch,21,75.73,2653.4,2315.9,"MAXN (12-core ARM @ 2.2GHz, 50W GPU/CPU cap)",32,"fixed single-client local unit: 5 local epochs over a fixed 1000-sample shard, ResNet-18-GN on Tiny-ImageNet, 1 warm-up round excluded, trace sampled @100ms",power_jetson_orin_tinyimagenet_resnet18gn_fedradr_mini_batch_seed21.csv
Jetson AGX Orin,Tiny-ImageNet,ResNet-18-GN,FedRaDR-mini-batch,22,72.61,2697.5,2270.3,"MAXN (12-core ARM @ 2.2GHz, 50W GPU/CPU cap)",32,"fixed single-client local unit: 5 local epochs over a fixed 1000-sample shard, ResNet-18-GN on Tiny-ImageNet, 1 warm-up round excluded, trace sampled @100ms",power_jetson_orin_tinyimagenet_resnet18gn_fedradr_mini_batch_seed22.csv
Jetson AGX Orin,Tiny-ImageNet,ResNet-18-GN,FedRaDR-EMA,20,63.12,2284.8,1948.4,"MAXN (12-core ARM @ 2.2GHz, 50W GPU/CPU cap)",32,"fixed single-client local unit: 5 local epochs over a fixed 1000-sample shard, ResNet-18-GN on Tiny-ImageNet, 1 warm-up round excluded, trace sampled @100ms",power_jetson_orin_tinyimagenet_resnet18gn_fedradr_ema_seed20.csv
Jetson AGX Orin,Tiny-ImageNet,ResNet-18-GN,FedRaDR-EMA,21,61.11,2313.3,1869.9,"MAXN (12-core ARM @ 2.2GHz, 50W GPU/CPU cap)",32,"fixed single-client local unit: 5 local epochs over a fixed 1000-sample shard, ResNet-18-GN on Tiny-ImageNet, 1 warm-up round excluded, trace sampled @100ms",power_jetson_orin_tinyimagenet_resnet18gn_fedradr_ema_seed21.csv
Jetson AGX Orin,Tiny-ImageNet,ResNet-18-GN,FedRaDR-EMA,22,63.30,2270.0,1926.3,"MAXN (12-core ARM @ 2.2GHz, 50W GPU/CPU cap)",32,"fixed single-client local unit: 5 local epochs over a fixed 1000-sample shard, ResNet-18-GN on Tiny-ImageNet, 1 warm-up round excluded, trace sampled @100ms",power_jetson_orin_tinyimagenet_resnet18gn_fedradr_ema_seed22.csv
