round,method,pmr_mean_across_seed_macros,pmr_sample_std_across_seed_macros,pmr_q25_pooled,pmr_q50_pooled,pmr_q75_pooled,delta_acc_mean_across_seed_macros,delta_acc_sample_std_across_seed_macros,delta_acc_q25_pooled,delta_acc_q50_pooled,delta_acc_q75_pooled
100,FedAvg,36.12,3.41,29.71,35.84,42.03,-3.27,0.42,-3.74,-3.22,-2.81
100,FedDyn,54.73,3.84,47.26,54.41,61.37,-2.91,0.38,-3.33,-2.88,-2.49
100,FedRaDR,83.86,2.97,78.42,84.13,88.75,-1.96,0.31,-2.30,-1.93,-1.62
500,FedAvg,35.47,3.28,29.18,35.22,41.26,-3.44,0.44,-3.93,-3.38,-2.94
500,FedDyn,53.91,3.72,46.55,53.60,60.41,-3.05,0.40,-3.48,-3.01,-2.62
500,FedRaDR,83.14,2.89,77.80,83.37,87.92,-2.08,0.33,-2.44,-2.04,-1.71
999,FedAvg,34.81,3.35,28.44,34.53,40.77,-3.58,0.46,-4.10,-3.52,-3.05
999,FedDyn,53.22,3.66,45.87,52.94,59.68,-3.17,0.41,-3.64,-3.12,-2.71
999,FedRaDR,82.43,2.81,77.14,82.66,87.20,-2.19,0.34,-2.57,-2.14,-1.79

