timestamp_ms,power_watts,power_scope,gpu_util_percent,memory_util_percent,memory_used_mib,temperature_c
0,29.3561,board_total,60.0,35.0,2100.0,55.0
100,30.0481,board_total,60.25,35.1,2100.5,55.04
200,30.192,board_total,60.5,35.2,2101.0,55.08
300,29.8266,board_total,60.75,35.3,2101.5,55.12
400,29.9315,board_total,61.0,35.4,2102.0,55.16
500,29.636,board_total,61.25,35.5,2102.5,55.2
600,29.5317,board_total,61.49,35.6,2103.0,55.24
700,29.6023,board_total,61.74,35.7,2103.49,55.28
800,29.6277,board_total,61.99,35.8,2103.99,55.32
900,30.4627,board_total,62.23,35.9,2104.48,55.36
1000,30.1319,board_total,62.47,35.99,2104.98,55.4
1100,30.2683,board_total,62.72,36.09,2105.47,55.44
1200,30.0228,board_total,62.96,36.19,2105.96,55.48
1300,29.9047,board_total,63.19,36.29,2106.45,55.51
1400,29.919,board_total,63.43,36.38,2106.94,55.55
1500,30.1222,board_total,63.66,36.48,2107.42,55.59
1600,30.7565,board_total,63.89,36.57,2107.91,55.63
1700,30.581,board_total,64.12,36.67,2108.39,55.67
1800,30.4466,board_total,64.35,36.76,2108.87,55.7
1900,30.588,board_total,64.57,36.85,2109.34,55.74
2000,30.1658,board_total,64.79,36.95,2109.82,55.78
2100,31.2807,board_total,65.01,37.04,2110.29,55.82
2200,30.3521,board_total,65.23,37.13,2110.76,55.85
2300,30.9044,board_total,65.44,37.22,2111.22,55.89
2400,31.7895,board_total,65.65,37.31,2111.68,55.92
2500,29.9599,board_total,65.85,37.4,2112.14,55.96
2600,30.4616,board_total,66.05,37.48,2112.6,55.99
2700,30.7772,board_total,66.25,37.57,2113.05,56.03
2800,31.1538,board_total,66.44,37.66,2113.5,56.06
2900,30.46,board_total,66.63,37.74,2113.94,56.1
3000,31.0888,board_total,66.82,37.82,2114.38,56.13
3100,31.2066,board_total,67.0,37.91,2114.82,56.16
3200,31.3194,board_total,67.17,37.99,2115.25,56.19
3300,30.3271,board_total,67.35,38.07,2115.68,56.23
3400,31.5702,board_total,67.51,38.14,2116.1,56.26
3500,31.9776,board_total,67.68,38.22,2116.52,56.29
3600,31.5387,board_total,67.83,38.3,2116.94,56.32
3700,31.0979,board_total,67.99,38.37,2117.35,56.35
3800,31.1628,board_total,68.13,38.44,2117.76,56.38
3900,30.3686,board_total,68.28,38.52,2118.16,56.41
4000,31.6343,board_total,68.41,38.59,2118.55,56.43
4100,32.0597,board_total,68.55,38.66,2118.94,56.46
4200,31.731,board_total,68.67,38.72,2119.33,56.49
4300,30.2902,board_total,68.8,38.79,2119.71,56.52
4400,31.3188,board_total,68.91,38.85,2120.08,56.54
4500,31.4538,board_total,69.02,38.92,2120.45,56.57
4600,31.3052,board_total,69.13,38.98,2120.81,56.59
4700,31.9133,board_total,69.23,39.04,2121.17,56.62
4800,30.8014,board_total,69.32,39.1,2121.52,56.64
4900,31.209,board_total,69.41,39.15,2121.87,56.66
5000,31.729,board_total,69.49,39.21,2122.21,56.68
5100,31.8797,board_total,69.57,39.26,2122.54,56.7
5200,31.5413,board_total,69.64,39.31,2122.87,56.72
5300,31.8839,board_total,69.7,39.36,2123.19,56.74
5400,31.6558,board_total,69.76,39.41,2123.5,56.76
5500,31.0078,board_total,69.81,39.46,2123.81,56.78
5600,31.9305,board_total,69.85,39.5,2124.11,56.8
5700,31.1903,board_total,69.89,39.54,2124.4,56.82
5800,30.7178,board_total,69.93,39.58,2124.69,56.83
5900,31.5205,board_total,69.95,39.62,2124.97,56.85
6000,32.0443,board_total,69.97,39.66,2125.24,56.86
6100,31.6735,board_total,69.99,39.7,2125.51,56.88
6200,31.658,board_total,70.0,39.73,2125.77,56.89
6300,31.3027,board_total,70.0,39.76,2126.02,56.9
6400,30.2058,board_total,70.0,39.79,2126.27,56.92
6500,31.4273,board_total,69.99,39.82,2126.51,56.93
6600,31.18,board_total,69.97,39.84,2126.74,56.94
6700,30.0204,board_total,69.95,39.87,2126.96,56.95
6800,30.7743,board_total,69.92,39.89,2127.17,56.96
6900,30.6395,board_total,69.88,39.91,2127.38,56.96
7000,31.3706,board_total,69.84,39.93,2127.58,56.97
7100,30.9487,board_total,69.79,39.94,2127.78,56.98
7200,30.9702,board_total,69.74,39.96,2127.96,56.98
7300,30.8981,board_total,69.68,39.97,2128.14,56.99
7400,30.2185,board_total,69.61,39.98,2128.31,56.99
7500,29.9114,board_total,69.54,39.99,2128.47,56.99
7600,30.6657,board_total,69.46,39.99,2128.62,57.0
7700,30.4702,board_total,69.38,40.0,2128.77,57.0
7800,30.5253,board_total,69.29,40.0,2128.91,57.0
7900,30.4068,board_total,69.19,40.0,2129.04,57.0
8000,30.2149,board_total,69.09,40.0,2129.16,57.0
8100,30.5768,board_total,68.99,39.99,2129.27,57.0
8200,30.3708,board_total,68.87,39.99,2129.38,57.0
8300,29.9833,board_total,68.76,39.98,2129.47,56.99
8400,29.4101,board_total,68.63,39.97,2129.56,56.99
8500,29.0708,board_total,68.5,39.96,2129.64,56.98
8600,29.4667,board_total,68.37,39.94,2129.72,56.98
8700,29.9172,board_total,68.23,39.93,2129.78,56.97
8800,30.278,board_total,68.08,39.91,2129.84,56.96
8900,29.6801,board_total,67.94,39.89,2129.89,56.96
9000,30.0531,board_total,67.78,39.87,2129.92,56.95
9100,30.1804,board_total,67.62,39.85,2129.96,56.94
9200,30.6017,board_total,67.46,39.82,2129.98,56.93
9300,29.698,board_total,67.29,39.79,2129.99,56.92
9400,30.1143,board_total,67.11,39.76,2130.0,56.91
9500,29.5436,board_total,66.94,39.73,2130.0,56.89
9600,28.8878,board_total,66.75,39.7,2129.99,56.88
9700,28.4085,board_total,66.57,39.66,2129.97,56.87
9800,29.3694,board_total,66.38,39.63,2129.94,56.85
9900,29.5399,board_total,66.18,39.59,2129.91,56.83
10000,30.1067,board_total,65.98,39.55,2129.86,56.82
10100,28.7863,board_total,65.78,39.5,2129.81,56.8
10200,29.185,board_total,65.58,39.46,2129.75,56.78
10300,28.8784,board_total,65.37,39.41,2129.68,56.77
10400,27.9139,board_total,65.16,39.37,2129.6,56.75
10500,28.9484,board_total,64.94,39.32,2129.52,56.73
10600,28.6077,board_total,64.72,39.26,2129.43,56.71
10700,28.1647,board_total,64.5,39.21,2129.32,56.68
10800,29.2901,board_total,64.27,39.16,2129.22,56.66
10900,28.3088,board_total,64.05,39.1,2129.1,56.64
11000,28.685,board_total,63.82,39.04,2128.97,56.62
11100,28.3342,board_total,63.58,38.98,2128.84,56.59
11200,28.0978,board_total,63.35,38.92,2128.7,56.57
11300,28.2625,board_total,63.11,38.86,2128.55,56.54
11400,28.5935,board_total,62.87,38.79,2128.39,56.52
11500,27.9483,board_total,62.63,38.73,2128.22,56.49
11600,27.513,board_total,62.39,38.66,2128.05,56.46
11700,28.843,board_total,62.15,38.59,2127.87,56.44
11800,28.2526,board_total,61.9,38.52,2127.68,56.41
11900,27.6472,board_total,61.66,38.45,2127.48,56.38
12000,27.9497,board_total,61.41,38.38,2127.28,56.35
12100,27.3178,board_total,61.16,38.3,2127.07,56.32
12200,27.8766,board_total,60.91,38.23,2126.85,56.29
12300,28.2077,board_total,60.67,38.15,2126.62,56.26
12400,27.0533,board_total,60.42,38.07,2126.39,56.23
12500,28.1373,board_total,60.17,37.99,2126.15,56.2
12600,28.0799,board_total,59.92,37.91,2125.9,56.16
12700,27.6164,board_total,59.67,37.83,2125.64,56.13
12800,27.7364,board_total,59.42,37.75,2125.38,56.1
12900,27.5343,board_total,59.17,37.66,2125.11,56.07
13000,27.4636,board_total,58.92,37.58,2124.83,56.03
13100,26.8736,board_total,58.67,37.49,2124.55,56.0
13200,28.249,board_total,58.42,37.4,2124.25,55.96
13300,27.3088,board_total,58.18,37.32,2123.96,55.93
13400,27.614,board_total,57.93,37.23,2123.65,55.89
13500,27.4538,board_total,57.69,37.14,2123.34,55.85
13600,27.7141,board_total,57.44,37.05,2123.02,55.82
13700,27.748,board_total,57.2,36.95,2122.7,55.78
13800,27.1041,board_total,56.96,36.86,2122.37,55.74
13900,27.6512,board_total,56.73,36.77,2122.03,55.71
14000,27.3941,board_total,56.49,36.67,2121.69,55.67
14100,27.1467,board_total,56.26,36.58,2121.34,55.63
14200,28.0192,board_total,56.03,36.49,2120.99,55.59
14300,27.9744,board_total,55.8,36.39,2120.63,55.56
14400,27.1459,board_total,55.57,36.29,2120.26,55.52
14500,27.3937,board_total,55.35,36.2,2119.89,55.48
14600,27.1194,board_total,55.13,36.1,2119.52,55.44
14700,27.0801,board_total,54.92,36.0,2119.13,55.4
14800,27.1557,board_total,54.7,35.9,2118.75,55.36
14900,27.7862,board_total,54.49,35.8,2118.35,55.32
15000,27.0155,board_total,54.28,35.71,2117.95,55.28
15100,27.0171,board_total,54.08,35.61,2117.55,55.24
15200,27.7392,board_total,53.88,35.51,2117.14,55.2
15300,27.3605,board_total,53.69,35.41,2116.73,55.16
15400,28.1663,board_total,53.49,35.31,2116.31,55.12
15500,27.3185,board_total,53.31,35.21,2115.89,55.08
15600,27.5386,board_total,53.12,35.11,2115.47,55.04
15700,27.4551,board_total,52.94,35.01,2115.03,55.0
15800,26.8735,board_total,52.77,34.91,2114.6,54.96
15900,27.9746,board_total,52.6,34.81,2114.16,54.92
16000,28.1514,board_total,52.43,34.71,2113.72,54.88
16100,28.2951,board_total,52.27,34.61,2113.27,54.84
16200,27.8791,board_total,52.11,34.51,2112.82,54.8
16300,28.2648,board_total,51.96,34.41,2112.37,54.76
16400,27.9807,board_total,51.82,34.31,2111.91,54.72
16500,28.0512,board_total,51.68,34.21,2111.45,54.68
16600,27.8163,board_total,51.54,34.11,2110.99,54.65
16700,28.1233,board_total,51.41,34.01,2110.52,54.61
16800,27.8601,board_total,51.28,33.92,2110.05,54.57
16900,28.5297,board_total,51.16,33.82,2109.58,54.53
17000,28.0736,board_total,51.05,33.72,2109.1,54.49
17100,27.9804,board_total,50.94,33.63,2108.62,54.45
17200,28.4118,board_total,50.84,33.53,2108.14,54.41
17300,28.4888,board_total,50.74,33.43,2107.66,54.37
17400,27.8949,board_total,50.65,33.34,2107.18,54.34
17500,28.2021,board_total,50.56,33.25,2106.69,54.3
17600,28.4565,board_total,50.48,33.15,2106.2,54.26
17700,28.9047,board_total,50.41,33.06,2105.71,54.22
17800,29.0228,board_total,50.34,32.97,2105.22,54.19
17900,29.1905,board_total,50.28,32.88,2104.73,54.15
18000,28.8345,board_total,50.22,32.79,2104.23,54.11
18100,28.6708,board_total,50.18,32.7,2103.74,54.08
18200,28.4941,board_total,50.13,32.61,2103.24,54.04
18300,29.1751,board_total,50.09,32.52,2102.74,54.01
18400,29.0339,board_total,50.06,32.44,2102.25,53.97
18500,29.4336,board_total,50.04,32.35,2101.75,53.94
18600,29.7302,board_total,50.02,32.27,2101.25,53.91
18700,30.1928,board_total,50.01,32.18,2100.75,53.87
18800,29.1134,board_total,50.0,32.1,2100.25,53.84
18900,29.755,board_total,50.0,32.02,2099.75,53.81
19000,28.9357,board_total,50.01,31.94,2099.25,53.78
19100,30.0805,board_total,50.02,31.86,2098.75,53.74
19200,29.2441,board_total,50.04,31.79,2098.25,53.71
19300,29.7438,board_total,50.06,31.71,2097.75,53.68
19400,29.4235,board_total,50.09,31.63,2097.25,53.65
19500,30.5509,board_total,50.13,31.56,2096.75,53.62
19600,30.2142,board_total,50.18,31.49,2096.26,53.6
19700,30.4174,board_total,50.23,31.42,2095.76,53.57
19800,30.0662,board_total,50.28,31.35,2095.27,53.54
19900,30.3385,board_total,50.34,31.28,2094.77,53.51
20000,29.8061,board_total,50.41,31.22,2094.28,53.49
20100,30.1163,board_total,50.48,31.15,2093.79,53.46
20200,30.9172,board_total,50.56,31.09,2093.3,53.44
20300,29.6866,board_total,50.65,31.03,2092.82,53.41
20400,30.514,board_total,50.74,30.97,2092.33,53.39
20500,31.0295,board_total,50.84,30.91,2091.85,53.36
20600,31.0328,board_total,50.94,30.85,2091.37,53.34
20700,30.9238,board_total,51.05,30.8,2090.89,53.32
20800,30.7164,board_total,51.17,30.74,2090.42,53.3
20900,31.3031,board_total,51.29,30.69,2089.95,53.28
21000,30.698,board_total,51.41,30.64,2089.48,53.26
21100,30.8464,board_total,51.54,30.59,2089.01,53.24
21200,30.2371,board_total,51.68,30.55,2088.55,53.22
21300,31.0822,board_total,51.82,30.5,2088.09,53.2
21400,30.876,board_total,51.96,30.46,2087.63,53.18
21500,31.0459,board_total,52.12,30.42,2087.17,53.17
21600,30.1802,board_total,52.27,30.38,2086.72,53.15
21700,30.6521,board_total,52.43,30.34,2086.28,53.14
21800,31.1036,board_total,52.6,30.31,2085.84,53.12
21900,30.7144,board_total,52.77,30.27,2085.4,53.11
22000,31.4903,board_total,52.94,30.24,2084.96,53.1
22100,32.0946,board_total,53.12,30.21,2084.53,53.08
22200,31.2801,board_total,53.31,30.18,2084.1,53.07
22300,31.4954,board_total,53.5,30.16,2083.68,53.06
22400,31.1677,board_total,53.69,30.13,2083.27,53.05
22500,31.1805,board_total,53.88,30.11,2082.85,53.04
22600,30.8049,board_total,54.08,30.09,2082.45,53.04
22700,31.6151,board_total,54.29,30.07,2082.04,53.03
22800,30.886,board_total,54.49,30.06,2081.64,53.02
22900,31.2218,board_total,54.7,30.04,2081.25,53.02
23000,31.2034,board_total,54.92,30.03,2080.86,53.01
23100,30.9553,board_total,55.13,30.02,2080.48,53.01
23200,31.1652,board_total,55.35,30.01,2080.1,53.01
23300,31.402,board_total,55.58,30.01,2079.73,53.0
23400,31.8716,board_total,55.8,30.0,2079.37,53.0
23500,31.4479,board_total,56.03,30.0,2079.01,53.0
23600,31.9665,board_total,56.26,30.0,2078.65,53.0
23700,31.5806,board_total,56.49,30.0,2078.3,53.0
23800,31.4962,board_total,56.73,30.01,2077.96,53.0
23900,31.6266,board_total,56.97,30.01,2077.63,53.0
24000,31.3101,board_total,57.21,30.02,2077.3,53.01
24100,31.7759,board_total,57.45,30.03,2076.97,53.01
24200,31.4543,board_total,57.69,30.04,2076.66,53.02
24300,31.43,board_total,57.93,30.05,2076.34,53.02
24400,32.08,board_total,58.18,30.07,2076.04,53.03
24500,31.0126,board_total,58.42,30.09,2075.74,53.04
24600,30.9401,board_total,58.67,30.11,2075.45,53.04
24700,31.2746,board_total,58.92,30.13,2075.17,53.05
24800,31.3952,board_total,59.17,30.15,2074.89,53.06
24900,31.1248,board_total,59.42,30.18,2074.62,53.07
25000,31.5777,board_total,59.67,30.21,2074.36,53.08
25100,31.3258,board_total,59.92,30.23,2074.1,53.09
25200,31.3014,board_total,60.17,30.27,2073.85,53.11
25300,30.6148,board_total,60.42,30.3,2073.61,53.12
25400,31.7532,board_total,60.67,30.33,2073.38,53.13
25500,31.0844,board_total,60.92,30.37,2073.15,53.15
25600,30.6621,board_total,61.17,30.41,2072.93,53.16
25700,31.5091,board_total,61.41,30.45,2072.72,53.18
25800,30.9232,board_total,61.66,30.49,2072.52,53.2
25900,30.5976,board_total,61.91,30.54,2072.32,53.21
26000,30.4015,board_total,62.15,30.58,2072.13,53.23
26100,30.7876,board_total,62.39,30.63,2071.95,53.25
26200,30.4887,board_total,62.64,30.68,2071.78,53.27
26300,30.2999,board_total,62.88,30.73,2071.61,53.29
26400,30.5999,board_total,63.12,30.78,2071.45,53.31
26500,30.4897,board_total,63.35,30.84,2071.3,53.34
26600,30.3089,board_total,63.59,30.89,2071.16,53.36
26700,30.8394,board_total,63.82,30.95,2071.03,53.38
26800,30.9967,board_total,64.05,31.01,2070.9,53.4
26900,30.9199,board_total,64.28,31.07,2070.78,53.43
27000,30.1463,board_total,64.5,31.14,2070.67,53.45
27100,30.0273,board_total,64.72,31.2,2070.57,53.48
27200,29.5499,board_total,64.94,31.27,2070.48,53.51
27300,30.003,board_total,65.16,31.33,2070.39,53.53
27400,29.6639,board_total,65.37,31.4,2070.32,53.56
27500,30.05,board_total,65.58,31.47,2070.25,53.59
27600,29.8076,board_total,65.78,31.54,2070.19,53.62
27700,30.1001,board_total,65.99,31.62,2070.14,53.65
27800,29.7656,board_total,66.18,31.69,2070.09,53.68
27900,29.899,board_total,66.38,31.77,2070.06,53.71
28000,29.8923,board_total,66.57,31.84,2070.03,53.74
28100,28.6287,board_total,66.76,31.92,2070.01,53.77
28200,29.1187,board_total,66.94,32.0,2070.0,53.8
28300,29.5512,board_total,67.12,32.08,2070.0,53.83
28400,29.3879,board_total,67.29,32.16,2070.01,53.87
28500,29.3975,board_total,67.46,32.25,2070.02,53.9
28600,29.0584,board_total,67.62,32.33,2070.04,53.93
28700,29.4705,board_total,67.78,32.42,2070.08,53.97
28800,28.9405,board_total,67.94,32.5,2070.12,54.0
28900,28.9549,board_total,68.09,32.59,2070.16,54.04
29000,28.7379,board_total,68.23,32.68,2070.22,54.07
29100,29.199,board_total,68.37,32.77,2070.28,54.11
29200,29.1829,board_total,68.5,32.86,2070.36,54.14
29300,28.7804,board_total,68.63,32.95,2070.44,54.18
29400,28.8822,board_total,68.76,33.04,2070.53,54.22
29500,27.8588,board_total,68.87,33.13,2070.62,54.25
29600,28.995,board_total,68.99,33.22,2070.73,54.29
29700,27.7697,board_total,69.09,33.32,2070.84,54.33
29800,28.2604,board_total,69.2,33.41,2070.96,54.36
29900,27.4765,board_total,69.29,33.51,2071.09,54.4
30000,28.1443,board_total,69.38,33.6,2071.23,54.44
30100,28.0666,board_total,69.46,33.7,2071.38,54.48
30200,29.0689,board_total,69.54,33.8,2071.53,54.52
30300,27.7578,board_total,69.61,33.89,2071.69,54.56
30400,27.0998,board_total,69.68,33.99,2071.86,54.6
30500,28.161,board_total,69.74,34.09,2072.04,54.64
30600,27.9344,board_total,69.79,34.19,2072.23,54.68
30700,28.4762,board_total,69.84,34.29,2072.42,54.71
30800,28.2884,board_total,69.88,34.39,2072.62,54.75
30900,27.2414,board_total,69.92,34.48,2072.83,54.79
31000,27.7429,board_total,69.95,34.58,2073.04,54.83
31100,27.7166,board_total,69.97,34.68,2073.27,54.87
31200,27.846,board_total,69.99,34.78,2073.5,54.91
31300,27.6399,board_total,70.0,34.88,2073.73,54.95
31400,27.6892,board_total,70.0,34.98,2073.98,54.99
31500,27.8101,board_total,70.0,35.08,2074.23,55.03
31600,26.9499,board_total,69.99,35.18,2074.49,55.07
31700,27.259,board_total,69.97,35.28,2074.76,55.11
31800,28.1709,board_total,69.95,35.38,2075.03,55.15
31900,28.0979,board_total,69.93,35.48,2075.31,55.19
32000,27.6729,board_total,69.89,35.58,2075.6,55.23
32100,27.7992,board_total,69.85,35.68,2075.89,55.27
32200,27.9649,board_total,69.81,35.78,2076.2,55.31
32300,28.1244,board_total,69.76,35.88,2076.5,55.35
32400,27.5065,board_total,69.7,35.98,2076.82,55.39
32500,27.2681,board_total,69.63,36.08,2077.14,55.43
32600,27.9982,board_total,69.57,36.17,2077.46,55.47
32700,27.3988,board_total,69.49,36.27,2077.8,55.51
32800,27.1568,board_total,69.41,36.37,2078.14,55.55
32900,27.7379,board_total,69.32,36.46,2078.48,55.58
33000,27.4313,board_total,69.23,36.56,2078.83,55.62
33100,27.4709,board_total,69.13,36.65,2079.19,55.66
33200,27.4709,board_total,69.02,36.75,2079.55,55.7
33300,27.8212,board_total,68.91,36.84,2079.92,55.74
33400,27.5759,board_total,68.79,36.93,2080.3,55.77
33500,27.5783,board_total,68.67,37.02,2080.68,55.81
33600,26.9808,board_total,68.55,37.12,2081.06,55.85
33700,26.9921,board_total,68.41,37.21,2081.45,55.88
33800,27.1201,board_total,68.28,37.29,2081.85,55.92
33900,27.3347,board_total,68.13,37.38,2082.25,55.95
34000,28.0755,board_total,67.98,37.47,2082.65,55.99
34100,27.4105,board_total,67.83,37.56,2083.06,56.02
34200,27.49,board_total,67.67,37.64,2083.48,56.06
34300,28.5072,board_total,67.51,37.73,2083.9,56.09
34400,27.8769,board_total,67.34,37.81,2084.32,56.12
34500,27.6077,board_total,67.17,37.89,2084.75,56.16
34600,28.068,board_total,67.0,37.97,2085.18,56.19
34700,27.8802,board_total,66.81,38.05,2085.62,56.22
34800,28.4886,board_total,66.63,38.13,2086.06,56.25
34900,28.2128,board_total,66.44,38.21,2086.51,56.28
35000,27.6395,board_total,66.25,38.28,2086.96,56.31
35100,28.5087,board_total,66.05,38.36,2087.41,56.34
35200,27.614,board_total,65.85,38.43,2087.86,56.37
35300,28.9302,board_total,65.64,38.51,2088.32,56.4
35400,28.3988,board_total,65.44,38.58,2088.78,56.43
35500,27.4301,board_total,65.22,38.64,2089.25,56.46
35600,29.1996,board_total,65.01,38.71,2089.72,56.49
35700,28.0669,board_total,64.79,38.78,2090.19,56.51
35800,27.4984,board_total,64.57,38.84,2090.66,56.54
35900,29.2557,board_total,64.35,38.91,2091.14,56.56
36000,28.178,board_total,64.12,38.97,2091.62,56.59
36100,28.5201,board_total,63.89,39.03,2092.1,56.61
36200,28.54,board_total,63.66,39.09,2092.58,56.63
36300,28.7307,board_total,63.43,39.14,2093.07,56.66
36400,28.9934,board_total,63.19,39.2,2093.56,56.68
36500,28.1014,board_total,62.95,39.25,2094.04,56.7
36600,29.9326,board_total,62.71,39.3,2094.54,56.72
36700,29.2157,board_total,62.47,39.35,2095.03,56.74
36800,29.0083,board_total,62.23,39.4,2095.52,56.76
36900,29.3282,board_total,61.98,39.45,2096.02,56.78
37000,29.1822,board_total,61.74,39.49,2096.51,56.8
37100,29.531,board_total,61.49,39.54,2097.01,56.81
37200,29.5199,board_total,61.24,39.58,2097.51,56.83
37300,29.6593,board_total,61.0,39.62,2098.01,56.85
37400,29.5849,board_total,60.75,39.65,2098.51,56.86
37500,29.3917,board_total,60.5,39.69,2099.0,56.88
37600,29.6046,board_total,60.25,39.72,2099.5,56.89
37700,29.4132,board_total,60.0,39.76,2100.0,56.9
37800,29.834,board_total,59.75,39.79,2100.5,56.91
37900,29.13,board_total,59.5,39.81,2101.0,56.93
38000,29.1561,board_total,59.25,39.84,2101.5,56.94
38100,30.1671,board_total,59.0,39.86,2102.0,56.95
38200,29.2328,board_total,58.75,39.89,2102.5,56.95
38300,30.0651,board_total,58.5,39.91,2103.0,56.96
38400,30.2635,board_total,58.26,39.92,2103.5,56.97
38500,29.1139,board_total,58.01,39.94,2103.99,56.98
38600,30.1661,board_total,57.77,39.96,2104.49,56.98
38700,30.8046,board_total,57.52,39.97,2104.98,56.99
38800,29.9752,board_total,57.28,39.98,2105.47,56.99
38900,30.9059,board_total,57.04,39.99,2105.96,56.99
39000,29.8625,board_total,56.8,39.99,2106.45,57.0
39100,29.4684,board_total,56.57,40.0,2106.94,57.0
39200,30.045,board_total,56.34,40.0,2107.43,57.0
39300,30.1354,board_total,56.1,40.0,2107.91,57.0
39400,30.8849,board_total,55.87,40.0,2108.39,57.0
39500,30.4656,board_total,55.65,39.99,2108.87,57.0
39600,30.3463,board_total,55.42,39.99,2109.35,57.0
39700,30.3855,board_total,55.2,39.98,2109.82,56.99
39800,31.2574,board_total,54.99,39.97,2110.29,56.99
39900,30.0052,board_total,54.77,39.96,2110.76,56.98
40000,30.2565,board_total,54.56,39.95,2111.22,56.98
40100,30.6363,board_total,54.35,39.93,2111.69,56.97
40200,30.8939,board_total,54.15,39.91,2112.15,56.97
40300,31.243,board_total,53.95,39.89,2112.6,56.96
40400,31.4709,board_total,53.75,39.87,2113.05,56.95
40500,30.7569,board_total,53.56,39.85,2113.5,56.94
40600,31.2911,board_total,53.37,39.82,2113.95,56.93
40700,30.6907,board_total,53.18,39.8,2114.39,56.92
40800,32.254,board_total,53.0,39.77,2114.82,56.91
40900,31.2045,board_total,52.82,39.74,2115.26,56.89
41000,30.653,board_total,52.65,39.7,2115.68,56.88
41100,31.7032,board_total,52.49,39.67,2116.11,56.87
41200,31.3639,board_total,52.32,39.63,2116.53,56.85
41300,31.8219,board_total,52.17,39.59,2116.94,56.84
41400,31.7205,board_total,52.01,39.55,2117.35,56.82
41500,30.668,board_total,51.86,39.51,2117.76,56.8
41600,31.6892,board_total,51.72,39.47,2118.16,56.79
41700,31.2554,board_total,51.58,39.42,2118.55,56.77
41800,31.2271,board_total,51.45,39.37,2118.94,56.75
41900,31.4504,board_total,51.32,39.32,2119.33,56.73
42000,31.3974,board_total,51.2,39.27,2119.71,56.71
42100,31.5505,board_total,51.09,39.22,2120.08,56.69
42200,31.9005,board_total,50.98,39.17,2120.45,56.67
42300,31.5067,board_total,50.87,39.11,2120.82,56.64
42400,31.6166,board_total,50.77,39.05,2121.17,56.62
42500,32.102,board_total,50.68,38.99,2121.52,56.6
42600,31.4228,board_total,50.59,38.93,2121.87,56.57
42700,31.6747,board_total,50.51,38.87,2122.21,56.55
42800,31.5445,board_total,50.43,38.8,2122.54,56.52
42900,31.9768,board_total,50.36,38.74,2122.87,56.5
43000,31.1166,board_total,50.3,38.67,2123.19,56.47
43100,31.5791,board_total,50.24,38.6,2123.5,56.44
43200,31.8839,board_total,50.19,38.53,2123.81,56.41
43300,31.5629,board_total,50.15,38.46,2124.11,56.38
43400,31.6797,board_total,50.11,38.39,2124.41,56.36
43500,31.3722,board_total,50.07,38.31,2124.69,56.33
43600,31.6105,board_total,50.05,38.24,2124.97,56.3
43700,31.3163,board_total,50.02,38.16,2125.25,56.27
43800,31.6882,board_total,50.01,38.08,2125.51,56.23
43900,31.2888,board_total,50.0,38.01,2125.77,56.2
44000,31.0959,board_total,50.0,37.92,2126.02,56.17
44100,31.2686,board_total,50.0,37.84,2126.27,56.14
44200,31.04,board_total,50.01,37.76,2126.51,56.1
44300,32.2394,board_total,50.03,37.68,2126.74,56.07
44400,31.3837,board_total,50.05,37.59,2126.96,56.04
44500,31.1574,board_total,50.08,37.51,2127.18,56.0
44600,30.9465,board_total,50.12,37.42,2127.38,55.97
44700,31.338,board_total,50.16,37.33,2127.59,55.93
44800,30.7587,board_total,50.21,37.24,2127.78,55.9
44900,30.7419,board_total,50.26,37.15,2127.96,55.86
45000,30.6219,board_total,50.32,37.06,2128.14,55.82
45100,30.6467,board_total,50.39,36.97,2128.31,55.79
45200,30.6112,board_total,50.46,36.88,2128.47,55.75
45300,30.2663,board_total,50.54,36.78,2128.62,55.71
45400,30.7464,board_total,50.62,36.69,2128.77,55.68
45500,30.1145,board_total,50.71,36.6,2128.91,55.64
45600,30.7082,board_total,50.81,36.5,2129.04,55.6
45700,30.9014,board_total,50.91,36.4,2129.16,55.56
45800,30.119,board_total,51.01,36.31,2129.27,55.52
45900,30.1027,board_total,51.13,36.21,2129.38,55.48
46000,30.6648,board_total,51.25,36.11,2129.48,55.45
46100,29.9528,board_total,51.37,36.02,2129.56,55.41
46200,30.1695,board_total,51.5,35.92,2129.65,55.37
46300,30.0361,board_total,51.63,35.82,2129.72,55.33
46400,29.9268,board_total,51.77,35.72,2129.78,55.29
46500,29.6201,board_total,51.92,35.62,2129.84,55.25
46600,30.1296,board_total,52.07,35.52,2129.89,55.21
46700,29.8398,board_total,52.22,35.42,2129.93,55.17
46800,29.5829,board_total,52.38,35.32,2129.96,55.13
46900,29.5526,board_total,52.54,35.22,2129.98,55.09
47000,29.15,board_total,52.71,35.12,2129.99,55.05
47100,29.7673,board_total,52.89,35.02,2130.0,55.01
47200,29.6641,board_total,53.06,34.92,2130.0,54.97
47300,30.0226,board_total,53.25,34.82,2129.99,54.93
47400,29.0375,board_total,53.43,34.72,2129.97,54.89
47500,29.986,board_total,53.62,34.62,2129.94,54.85
47600,29.2492,board_total,53.82,34.52,2129.91,54.81
47700,29.6679,board_total,54.02,34.43,2129.86,54.77
47800,28.4084,board_total,54.22,34.33,2129.81,54.73
47900,29.1085,board_total,54.43,34.23,2129.75,54.69
48000,29.1814,board_total,54.63,34.13,2129.68,54.65
48100,28.253,board_total,54.85,34.03,2129.6,54.61
48200,28.9957,board_total,55.06,33.93,2129.52,54.57
48300,29.1461,board_total,55.28,33.83,2129.43,54.53
48400,28.3392,board_total,55.5,33.74,2129.32,54.5
48500,29.0151,board_total,55.73,33.64,2129.21,54.46
48600,28.7372,board_total,55.96,33.55,2129.1,54.42
48700,28.9105,board_total,56.19,33.45,2128.97,54.38
48800,28.31,board_total,56.42,33.36,2128.84,54.34
48900,27.9443,board_total,56.65,33.26,2128.7,54.3
49000,28.129,board_total,56.89,33.17,2128.55,54.27
49100,28.3544,board_total,57.13,33.07,2128.39,54.23
49200,27.3645,board_total,57.37,32.98,2128.22,54.19
49300,28.3379,board_total,57.61,32.89,2128.05,54.16
49400,28.1288,board_total,57.85,32.8,2127.87,54.12
49500,28.0257,board_total,58.1,32.71,2127.68,54.08
49600,26.8785,board_total,58.34,32.62,2127.48,54.05
49700,27.554,board_total,58.59,32.54,2127.28,54.01
49800,27.8121,board_total,58.84,32.45,2127.07,53.98
49900,27.6911,board_total,59.09,32.36,2126.85,53.95
50000,27.994,board_total,59.34,32.28,2126.62,53.91
50100,27.4528,board_total,59.59,32.2,2126.38,53.88
50200,27.4591,board_total,59.84,32.11,2126.14,53.85
50300,28.0808,board_total,60.09,32.03,2125.89,53.81
50400,27.9672,board_total,60.34,31.95,2125.64,53.78
50500,27.569,board_total,60.59,31.87,2125.37,53.75
50600,27.4035,board_total,60.84,31.8,2125.1,53.72
50700,26.905,board_total,61.08,31.72,2124.83,53.69
50800,27.7822,board_total,61.33,31.65,2124.54,53.66
50900,27.3799,board_total,61.58,31.57,2124.25,53.63
51000,28.2225,board_total,61.83,31.5,2123.95,53.6
51100,27.2807,board_total,62.07,31.43,2123.65,53.57
51200,27.541,board_total,62.32,31.36,2123.34,53.54
51300,27.2559,board_total,62.56,31.29,2123.02,53.52
51400,27.6324,board_total,62.8,31.23,2122.7,53.49
51500,28.588,board_total,63.04,31.16,2122.37,53.46
51600,27.3707,board_total,63.27,31.1,2122.03,53.44
51700,27.1344,board_total,63.51,31.04,2121.69,53.41
51800,27.6545,board_total,63.74,30.98,2121.34,53.39
51900,27.6123,board_total,63.97,30.92,2120.99,53.37
52000,26.8179,board_total,64.2,30.86,2120.63,53.34
52100,27.8929,board_total,64.43,30.81,2120.26,53.32
52200,27.0963,board_total,64.65,30.75,2119.89,53.3
52300,27.9011,board_total,64.87,30.7,2119.51,53.28
52400,27.5799,board_total,65.09,30.65,2119.13,53.26
52500,27.3392,board_total,65.3,30.6,2118.74,53.24
52600,27.7039,board_total,65.51,30.55,2118.35,53.22
52700,27.3289,board_total,65.72,30.51,2117.95,53.2
52800,27.0558,board_total,65.92,30.47,2117.55,53.19
52900,27.3824,board_total,66.12,30.43,2117.14,53.17
53000,27.6037,board_total,66.32,30.39,2116.73,53.15
53100,27.1738,board_total,66.51,30.35,2116.31,53.14
53200,27.6986,board_total,66.7,30.31,2115.89,53.13
53300,27.2739,board_total,66.88,30.28,2115.46,53.11
53400,27.9888,board_total,67.06,30.25,2115.03,53.1
53500,27.7654,board_total,67.23,30.22,2114.6,53.09
53600,27.6775,board_total,67.4,30.19,2114.16,53.08
53700,26.8958,board_total,67.57,30.16,2113.71,53.06
53800,28.0042,board_total,67.73,30.14,2113.27,53.06
53900,27.0895,board_total,67.89,30.12,2112.82,53.05
54000,27.7066,board_total,68.04,30.1,2112.36,53.04
54100,27.4291,board_total,68.18,30.08,2111.91,53.03
54200,28.6537,board_total,68.33,30.06,2111.45,53.02
54300,28.0621,board_total,68.46,30.05,2110.98,53.02
54400,28.2308,board_total,68.59,30.03,2110.52,53.01
54500,28.4389,board_total,68.72,30.02,2110.05,53.01
54600,28.0878,board_total,68.84,30.01,2109.57,53.01
54700,28.5784,board_total,68.95,30.01,2109.1,53.0
54800,27.8201,board_total,69.06,30.0,2108.62,53.0
54900,28.7832,board_total,69.16,30.0,2108.14,53.0
55000,28.718,board_total,69.26,30.0,2107.66,53.0
55100,28.5649,board_total,69.35,30.0,2107.17,53.0
55200,27.8203,board_total,69.44,30.0,2106.69,53.0
55300,27.9278,board_total,69.52,30.01,2106.2,53.0
55400,28.252,board_total,69.59,30.02,2105.71,53.01
55500,28.5848,board_total,69.66,30.03,2105.22,53.01
55600,29.0885,board_total,69.72,30.04,2104.72,53.02
55700,28.8072,board_total,69.78,30.05,2104.23,53.02
55800,28.8627,board_total,69.83,30.07,2103.73,53.03
55900,29.0018,board_total,69.87,30.08,2103.24,53.03
56000,28.8307,board_total,69.91,30.1,2102.74,53.04
56100,28.8647,board_total,69.94,30.13,2102.24,53.05
56200,29.1075,board_total,69.96,30.15,2101.74,53.06
56300,29.6352,board_total,69.98,30.17,2101.24,53.07
56400,29.4061,board_total,69.99,30.2,2100.74,53.08
56500,29.5674,board_total,70.0,30.23,2100.24,53.09
56600,30.0557,board_total,70.0,30.26,2099.74,53.1
56700,28.9331,board_total,69.99,30.29,2099.24,53.12
56800,29.2462,board_total,69.98,30.33,2098.74,53.13
56900,29.9094,board_total,69.96,30.36,2098.24,53.15
57000,29.8965,board_total,69.94,30.4,2097.75,53.16
57100,29.6282,board_total,69.91,30.44,2097.25,53.18
57200,29.2849,board_total,69.87,30.49,2096.75,53.19
57300,29.9678,board_total,69.82,30.53,2096.25,53.21
57400,30.0719,board_total,69.77,30.58,2095.76,53.23
57500,30.4736,board_total,69.72,30.62,2095.26,53.25
57600,29.8819,board_total,69.66,30.67,2094.77,53.27
57700,30.2979,board_total,69.59,30.72,2094.28,53.29
57800,29.7246,board_total,69.51,30.78,2093.79,53.31
57900,29.602,board_total,69.43,30.83,2093.3,53.33
58000,31.1541,board_total,69.35,30.89,2092.81,53.35
58100,30.2951,board_total,69.26,30.94,2092.33,53.38
58200,30.8879,board_total,69.16,31.0,2091.85,53.4
58300,30.8326,board_total,69.06,31.06,2091.37,53.43
58400,30.6893,board_total,68.95,31.13,2090.89,53.45
58500,31.1935,board_total,68.83,31.19,2090.41,53.48
58600,31.4983,board_total,68.71,31.26,2089.94,53.5
58700,30.6537,board_total,68.59,31.32,2089.47,53.53
58800,30.9007,board_total,68.46,31.39,2089.01,53.56
58900,30.4162,board_total,68.32,31.46,2088.54,53.58
59000,31.0528,board_total,68.18,31.53,2088.08,53.61
59100,31.207,board_total,68.03,31.61,2087.62,53.64
59200,30.8519,board_total,67.88,31.68,2087.17,53.67
59300,30.946,board_total,67.73,31.75,2086.72,53.7
59400,30.8703,board_total,67.57,31.83,2086.27,53.73
59500,31.0825,board_total,67.4,31.91,2085.83,53.76
59600,31.6338,board_total,67.23,31.99,2085.39,53.8
59700,31.1555,board_total,67.05,32.07,2084.96,53.83
59800,31.2032,board_total,66.87,32.15,2084.53,53.86
59900,30.9252,board_total,66.69,32.23,2084.1,53.89
